Strike,Time to maturity,Call
150,0.25,12.5610377778608
150,0.5,18.0559813219906
150,0.75,22.360239575553
150,1,21.7190453765427
150,1.25,24.5241430492222
150,1.5,27.0914373670254
150,1.75,29.4755754074947
150,2,31.712345527462
